{
    "name": "root",
    "gauges": {
        "Minion.Policy.Entropy.mean": {
            "value": 1.3987267017364502,
            "min": 1.3987267017364502,
            "max": 1.418938398361206,
            "count": 11
        },
        "Minion.Policy.Entropy.sum": {
            "value": 1432.296142578125,
            "min": 1349.40576171875,
            "max": 1457.549560546875,
            "count": 11
        },
        "Minion.Step.mean": {
            "value": 10962.0,
            "min": 962.0,
            "max": 10962.0,
            "count": 11
        },
        "Minion.Step.sum": {
            "value": 10962.0,
            "min": 962.0,
            "max": 10962.0,
            "count": 11
        },
        "Minion.Policy.ExtrinsicValueEstimate.mean": {
            "value": -16.012798309326172,
            "min": -16.012798309326172,
            "max": 0.5758451223373413,
            "count": 11
        },
        "Minion.Policy.ExtrinsicValueEstimate.sum": {
            "value": -256.20477294921875,
            "min": -502.67095947265625,
            "max": 19.578733444213867,
            "count": 11
        },
        "Minion.Environment.EpisodeLength.mean": {
            "value": 47.041666666666664,
            "min": 23.476190476190474,
            "max": 83.31818181818181,
            "count": 10
        },
        "Minion.Environment.EpisodeLength.sum": {
            "value": 1129.0,
            "min": 493.0,
            "max": 1833.0,
            "count": 10
        },
        "Minion.Environment.CumulativeReward.mean": {
            "value": -11.19541343053182,
            "min": -18.101725033351354,
            "max": -4.0114908672514415,
            "count": 10
        },
        "Minion.Environment.CumulativeReward.sum": {
            "value": -268.6899223327637,
            "min": -380.1362257003784,
            "max": -84.24130821228027,
            "count": 10
        },
        "Minion.Policy.ExtrinsicReward.mean": {
            "value": -11.19541343053182,
            "min": -18.101725033351354,
            "max": -4.0114908672514415,
            "count": 10
        },
        "Minion.Policy.ExtrinsicReward.sum": {
            "value": -268.6899223327637,
            "min": -380.1362257003784,
            "max": -84.24130821228027,
            "count": 10
        },
        "Minion.IsTraining.mean": {
            "value": 1.0,
            "min": 1.0,
            "max": 1.0,
            "count": 11
        },
        "Minion.IsTraining.sum": {
            "value": 1.0,
            "min": 1.0,
            "max": 1.0,
            "count": 11
        },
        "Minion.Losses.PolicyLoss.mean": {
            "value": 0.09846853482814734,
            "min": 0.09240410746516366,
            "max": 0.10393729647458122,
            "count": 8
        },
        "Minion.Losses.PolicyLoss.sum": {
            "value": 0.09846853482814734,
            "min": 0.09240410746516366,
            "max": 0.10393729647458122,
            "count": 8
        },
        "Minion.Losses.ValueLoss.mean": {
            "value": 2.57744080141971,
            "min": 2.4197113618516086,
            "max": 14.74936313982363,
            "count": 8
        },
        "Minion.Losses.ValueLoss.sum": {
            "value": 2.57744080141971,
            "min": 2.4197113618516086,
            "max": 14.74936313982363,
            "count": 8
        },
        "Minion.Policy.LearningRate.mean": {
            "value": 0.000270525009825,
            "min": 0.000270525009825,
            "max": 0.00029626500124499996,
            "count": 8
        },
        "Minion.Policy.LearningRate.sum": {
            "value": 0.000270525009825,
            "min": 0.000270525009825,
            "max": 0.00029626500124499996,
            "count": 8
        },
        "Minion.Policy.Epsilon.mean": {
            "value": 0.190175,
            "min": 0.190175,
            "max": 0.19875500000000001,
            "count": 8
        },
        "Minion.Policy.Epsilon.sum": {
            "value": 0.190175,
            "min": 0.190175,
            "max": 0.19875500000000001,
            "count": 8
        },
        "Minion.Policy.Beta.mean": {
            "value": 0.00045185750000000007,
            "min": 0.00045185750000000007,
            "max": 0.0004938995,
            "count": 8
        },
        "Minion.Policy.Beta.sum": {
            "value": 0.00045185750000000007,
            "min": 0.00045185750000000007,
            "max": 0.0004938995,
            "count": 8
        }
    },
    "metadata": {
        "timer_format_version": "0.1.0",
        "start_time_seconds": "1754995131",
        "python_version": "3.9.6 (default, Apr 30 2025, 02:07:17) \n[Clang 17.0.0 (clang-1700.0.13.5)]",
        "command_line_arguments": "/Users/nikhil/Code/minions.ai/python/mlagents-env/bin/mlagents-learn config/Minion.yaml --run-id=minion_walk_003 --force",
        "mlagents_version": "0.30.0",
        "mlagents_envs_version": "0.30.0",
        "communication_protocol_version": "1.5.0",
        "pytorch_version": "1.11.0",
        "numpy_version": "1.21.2",
        "end_time_seconds": "1754995225"
    },
    "total": 93.785055458,
    "count": 1,
    "self": 0.0031577490000103126,
    "children": {
        "run_training.setup": {
            "total": 0.015531249999999996,
            "count": 1,
            "self": 0.015531249999999996
        },
        "TrainerController.start_learning": {
            "total": 93.766366459,
            "count": 1,
            "self": 0.06459092699995495,
            "children": {
                "TrainerController._reset_env": {
                    "total": 4.411227500000001,
                    "count": 1,
                    "self": 4.411227500000001
                },
                "TrainerController.advance": {
                    "total": 89.22937311500004,
                    "count": 11597,
                    "self": 0.06357210499990629,
                    "children": {
                        "env_step": {
                            "total": 87.65199463800016,
                            "count": 11597,
                            "self": 85.94013045700044,
                            "children": {
                                "SubprocessEnvManager._take_step": {
                                    "total": 1.6676316269998654,
                                    "count": 11597,
                                    "self": 0.14429409699968598,
                                    "children": {
                                        "TorchPolicy.evaluate": {
                                            "total": 1.5233375300001795,
                                            "count": 11364,
                                            "self": 1.5233375300001795
                                        }
                                    }
                                },
                                "workers": {
                                    "total": 0.04423255399985493,
                                    "count": 11596,
                                    "self": 0.0,
                                    "children": {
                                        "worker_root": {
                                            "total": 28.640254771000095,
                                            "count": 11596,
                                            "is_parallel": true,
                                            "self": 5.925346184000155,
                                            "children": {
                                                "steps_from_proto": {
                                                    "total": 0.0005370840000002985,
                                                    "count": 1,
                                                    "is_parallel": true,
                                                    "self": 0.00016533400000007248,